Category,Rank Order,Color,Color Code
NATO Member,1,Blue,#3498DB
Major Non-NATO Ally,2,Light Blue 1,#5DADE2
Strategic Partner,3,Light Blue 2,#AED6F1
Strong Partner,4,Light Green 1,#27AE60
Limited Partner,5,Lught Green 2,#58D68D
Partner,6,green,#ABEBC6
Very Limited Partner,7,Yellow,#F9E79F
Potential Adversary,8,Orange,#FAD7A0
Strategic Competitor,9,Red,#EC7063